n_bins,msfno,resnet,msfno_int,resnet_int
9,0.9800834001202114,0.8861669351210798,0.9468149658749658,0.7249097393702015
10,0.9797756023953536,0.8536994796330746,0.880432280965926,0.6576382749118027
12,0.9721901927939997,0.8392360412648864,0.8406993500644759,0.7397568656876904
15,0.9714924843839369,0.8103414331551658,0.8029335642332723,0.47139716178279817
18,0.9559816889959915,0.7409405339921139,0.7852835551146495,0.573028239688598
20,0.9576128312156655,0.7276762902514505,0.7375446868342908,0.5069357102259187
27,0.9347772248518077,0.6223309793154045,0.6240681499830103,0.4733432153069188
30,0.9346889627815991,0.5955002447869169,0.589986334291815,0.31323044448193754
36,0.9109607588440836,0.5162641438371871,0.5021165782459734,0.3029472848716889
