n_bins,msfno,resnet,msfno_int,resnet_int
9,0.9801607232546459,0.8867403314917127,0.9475138121546961,0.7280261175288799
10,0.9799095931692616,0.853088900050226,0.8832245102963335,0.6664992466097438
12,0.9723756906077348,0.8380210949271722,0.8437970868910095,0.7453540934203917
15,0.9716223003515821,0.811401305876444,0.8088900050226017,0.472626820693119
18,0.9560522350577599,0.742340532395781,0.7860371672526368,0.5793571069814164
20,0.9578101456554495,0.7297840281265696,0.7453540934203917,0.5143144148669011
27,0.9347061778001005,0.6233048719236565,0.6260673028628829,0.47513812154696133
30,0.9352084379708689,0.5976896032144651,0.6029633350075339,0.3227021597187343
36,0.9113510798593671,0.5168257157207433,0.511049723756906,0.3063787041687594
