n_bins,msfno,resnet,msfno_int,resnet_int
9,0.9803795993833229,0.9037597177969418,0.9494207629388212,0.6579919906444212
10,0.9797550654319149,0.8659606478217665,0.8998105321960865,0.6230534812067685
12,0.972144568627836,0.8558048175786975,0.8712150528517428,0.7299703485193231
15,0.9715653095650911,0.8287915839434135,0.8498248218305685,0.4785770187277644
18,0.9560178816823319,0.7707976074240928,0.8435418115042821,0.6056011433118533
20,0.9575307612490173,0.7571044267031848,0.807061850495311,0.5097293114445982
27,0.9348221242314009,0.6557449931449417,0.7156536719664623,0.44390027984059205
30,0.934619393318835,0.630437204919218,0.640258884628933,0.28955894725707615
36,0.9109989002375518,0.5499074445149812,0.5528503635518244,0.29055813712793804
